Number,Name,Link
54,RAY ACOSTA,https://697f6f9668a0bb24cd4b-78390edf330c094418f39edbaa9073b0.ssl.cf1.rackcdn.com/2019/10/Acosta1-e1571246277280.jpg
67,BRANDON ADAIR,https://697f6f9668a0bb24cd4b-78390edf330c094418f39edbaa9073b0.ssl.cf1.rackcdn.com/2019/10/Adair1-e1571246366954.jpg
47,BENNIE ADAMS,https://697f6f9668a0bb24cd4b-78390edf330c094418f39edbaa9073b0.ssl.cf1.rackcdn.com/2019/10/Adams-e1571246460891.jpg
56,MARK AYOTTE,https://697f6f9668a0bb24cd4b-78390edf330c094418f39edbaa9073b0.ssl.cf1.rackcdn.com/2019/10/Ayotte-e1571246554629.jpg
36,BRENT BARNAKY,https://697f6f9668a0bb24cd4b-78390edf330c094418f39edbaa9073b0.ssl.cf1.rackcdn.com/2019/10/Barnaky-e1571246636397.jpg
74,CURTIS BLAIR,https://697f6f9668a0bb24cd4b-78390edf330c094418f39edbaa9073b0.ssl.cf1.rackcdn.com/2019/10/Blair-e1571246695767.jpg
18,MATTHEW BOLAND,https://697f6f9668a0bb24cd4b-78390edf330c094418f39edbaa9073b0.ssl.cf1.rackcdn.com/2019/10/Boland-e1571246804527.jpg
25,TONY BROTHERS,https://697f6f9668a0bb24cd4b-78390edf330c094418f39edbaa9073b0.ssl.cf1.rackcdn.com/2019/10/Brothers-e1571246891353.jpg
6,TONY BROWN,https://697f6f9668a0bb24cd4b-78390edf330c094418f39edbaa9073b0.ssl.cf1.rackcdn.com/2019/10/Brown-e1571246938225.jpg
3,NICK BUCHERT,https://697f6f9668a0bb24cd4b-78390edf330c094418f39edbaa9073b0.ssl.cf1.rackcdn.com/2019/10/Buchert-e1571247060542.jpg
53,JOHN BUTLER,https://697f6f9668a0bb24cd4b-78390edf330c094418f39edbaa9073b0.ssl.cf1.rackcdn.com/2019/10/Butler-e1571419113273.jpg
19,JAMES CAPERS,https://697f6f9668a0bb24cd4b-78390edf330c094418f39edbaa9073b0.ssl.cf1.rackcdn.com/2019/10/Capers-e1571247212660.jpg
11,DERRICK COLLINS,https://697f6f9668a0bb24cd4b-78390edf330c094418f39edbaa9073b0.ssl.cf1.rackcdn.com/2019/10/Collins-e1571247308613.jpg
33,SEAN CORBIN,https://697f6f9668a0bb24cd4b-78390edf330c094418f39edbaa9073b0.ssl.cf1.rackcdn.com/2019/10/Corbin-e1571247399650.jpg
34,KEVIN CUTLER,https://697f6f9668a0bb24cd4b-78390edf330c094418f39edbaa9073b0.ssl.cf1.rackcdn.com/2019/10/Cutler-e1571247452222.jpg
57,MOUSA DAGHER,https://697f6f9668a0bb24cd4b-78390edf330c094418f39edbaa9073b0.ssl.cf1.rackcdn.com/2019/10/Dagher-e1571247513758.jpg
37,ERIC DALEN,https://697f6f9668a0bb24cd4b-78390edf330c094418f39edbaa9073b0.ssl.cf1.rackcdn.com/2019/10/Dalen-e1571247658391.jpg
8,MARC DAVIS,https://697f6f9668a0bb24cd4b-78390edf330c094418f39edbaa9073b0.ssl.cf1.rackcdn.com/2019/10/Davis-e1571247731217.jpg
62,JB DEROSA,https://697f6f9668a0bb24cd4b-78390edf330c094418f39edbaa9073b0.ssl.cf1.rackcdn.com/2019/10/DeRosa-e1571247804759.jpg
27,MITCHELL ERVIN,https://697f6f9668a0bb24cd4b-78390edf330c094418f39edbaa9073b0.ssl.cf1.rackcdn.com/2019/10/Ervin-e1571247893578.jpg
5,KANE FITZGERALD,https://697f6f9668a0bb24cd4b-78390edf330c094418f39edbaa9073b0.ssl.cf1.rackcdn.com/2019/10/Fitzgerald-e1571247935524.jpg
39,TYLER FORD,https://697f6f9668a0bb24cd4b-78390edf330c094418f39edbaa9073b0.ssl.cf1.rackcdn.com/2019/10/Ford-e1571248011991.jpg
45,BRIAN FORTE,https://697f6f9668a0bb24cd4b-78390edf330c094418f39edbaa9073b0.ssl.cf1.rackcdn.com/2019/10/Forte-e1571248052969.jpg
48,SCOTT FOSTER,https://697f6f9668a0bb24cd4b-78390edf330c094418f39edbaa9073b0.ssl.cf1.rackcdn.com/2019/10/Foster-e1571248098971.jpg
26,PAT FRAHER,https://697f6f9668a0bb24cd4b-78390edf330c094418f39edbaa9073b0.ssl.cf1.rackcdn.com/2019/10/Fraher-e1571248210241.jpg
68,JACYN GOBLE,https://697f6f9668a0bb24cd4b-78390edf330c094418f39edbaa9073b0.ssl.cf1.rackcdn.com/2019/10/Goble-Ja-e1571248324754.jpg
30,JOHN GOBLE,https://697f6f9668a0bb24cd4b-78390edf330c094418f39edbaa9073b0.ssl.cf1.rackcdn.com/2019/10/Goble-Jo-e1571248362524.jpg
65,JASON GOLDENBERG,https://697f6f9668a0bb24cd4b-78390edf330c094418f39edbaa9073b0.ssl.cf1.rackcdn.com/2019/10/Goldenbreg-e1571248407339.jpg
65,NATE GREEN,https://697f6f9668a0bb24cd4b-78390edf330c094418f39edbaa9073b0.ssl.cf1.rackcdn.com/2019/10/Green-e1571426525899.jpg
16,DAVID GUTHRIE,https://697f6f9668a0bb24cd4b-78390edf330c094418f39edbaa9073b0.ssl.cf1.rackcdn.com/2019/10/Guthrie-e1571248455572.jpg
7,LAUREN HOLTKAMP-STERLING,https://697f6f9668a0bb24cd4b-78390edf330c094418f39edbaa9073b0.ssl.cf1.rackcdn.com/2019/10/Holtkamp-e1571248547294.jpg
55,BILL KENNEDY,https://697f6f9668a0bb24cd4b-78390edf330c094418f39edbaa9073b0.ssl.cf1.rackcdn.com/2019/10/Kennedy-e1571248666754.jpg
61,COURTNEY KIRKLAND,https://697f6f9668a0bb24cd4b-78390edf330c094418f39edbaa9073b0.ssl.cf1.rackcdn.com/2019/10/Kirkland-e1571248715625.jpg
32,MARAT KOGUT,https://697f6f9668a0bb24cd4b-78390edf330c094418f39edbaa9073b0.ssl.cf1.rackcdn.com/2019/10/Kogut-e1571248798755.jpg
77,KARL LANE,https://697f6f9668a0bb24cd4b-78390edf330c094418f39edbaa9073b0.ssl.cf1.rackcdn.com/2019/10/Lane-e1571411577473.jpg
42,ERIC LEWIS,https://697f6f9668a0bb24cd4b-78390edf330c094418f39edbaa9073b0.ssl.cf1.rackcdn.com/2019/10/Lewis-e1571411635327.jpg
29,MARK LINDSAY,https://697f6f9668a0bb24cd4b-78390edf330c094418f39edbaa9073b0.ssl.cf1.rackcdn.com/2019/10/Lindsay-e1571412464892.jpg
73,TRE MADDOX,https://697f6f9668a0bb24cd4b-78390edf330c094418f39edbaa9073b0.ssl.cf1.rackcdn.com/2019/10/Maddox1-e1571412634634.jpg
14,ED MALLOY,https://697f6f9668a0bb24cd4b-78390edf330c094418f39edbaa9073b0.ssl.cf1.rackcdn.com/2019/10/Malloy-e1571412771180.jpg
41,KEN MAUER,https://697f6f9668a0bb24cd4b-78390edf330c094418f39edbaa9073b0.ssl.cf1.rackcdn.com/2019/10/Mauer-e1571412982117.jpg
71,RODNEY MOTT,https://697f6f9668a0bb24cd4b-78390edf330c094418f39edbaa9073b0.ssl.cf1.rackcdn.com/2019/10/Mott-e1571413496523.jpg
75,ASHLEY MOYER-GLEICH,https://697f6f9668a0bb24cd4b-78390edf330c094418f39edbaa9073b0.ssl.cf1.rackcdn.com/2019/10/Moyer-Gleich-e1571413275825.jpg
43,MATT MYERS,https://697f6f9668a0bb24cd4b-78390edf330c094418f39edbaa9073b0.ssl.cf1.rackcdn.com/2019/10/Myers1-e1571413738690.jpg
67,BRETT NANSEL,https://697f6f9668a0bb24cd4b-78390edf330c094418f39edbaa9073b0.ssl.cf1.rackcdn.com/2019/10/Nansel-e1571413840453.jpg
72,J.T. ORR,https://697f6f9668a0bb24cd4b-78390edf330c094418f39edbaa9073b0.ssl.cf1.rackcdn.com/2019/10/Orr-e1571414050654.jpg
50,GEDIMINAS PETRAITIS,https://697f6f9668a0bb24cd4b-78390edf330c094418f39edbaa9073b0.ssl.cf1.rackcdn.com/2019/10/Petraitis-e1571414235669.jpg
70,PHENIZEE RANSOM,https://697f6f9668a0bb24cd4b-78390edf330c094418f39edbaa9073b0.ssl.cf1.rackcdn.com/2019/10/Ransom-e1571414527130.jpg
63,DEREK RICHARDSON,https://697f6f9668a0bb24cd4b-78390edf330c094418f39edbaa9073b0.ssl.cf1.rackcdn.com/2019/10/Richardson-D-e1571414616404.jpg
20,LEROY RICHARDSON,https://697f6f9668a0bb24cd4b-78390edf330c094418f39edbaa9073b0.ssl.cf1.rackcdn.com/2019/10/Richardson-L-e1571414665788.jpg
76,NATALIE SAGO,https://697f6f9668a0bb24cd4b-78390edf330c094418f39edbaa9073b0.ssl.cf1.rackcdn.com/2019/10/Sago-e1571414713150.jpg
84,JENNA SCHROEDER,https://697f6f9668a0bb24cd4b-78390edf330c094418f39edbaa9073b0.ssl.cf1.rackcdn.com/2019/10/Schroeder-e1572449844174.jpg
78,EVAN SCOTT,https://697f6f9668a0bb24cd4b-78390edf330c094418f39edbaa9073b0.ssl.cf1.rackcdn.com/2019/10/Scott-E-e1571428506163.jpg
28,KEVIN SCOTT,https://697f6f9668a0bb24cd4b-78390edf330c094418f39edbaa9073b0.ssl.cf1.rackcdn.com/2019/10/Scott-K-e1571414900453.jpg
51,AARON SMITH,https://697f6f9668a0bb24cd4b-78390edf330c094418f39edbaa9073b0.ssl.cf1.rackcdn.com/2019/10/Smith-A-e1571414987817.jpg
38,MICHAEL SMITH,https://697f6f9668a0bb24cd4b-78390edf330c094418f39edbaa9073b0.ssl.cf1.rackcdn.com/2019/10/Smith-M-e1571415134724.jpg
22,BILL SPOONER,https://697f6f9668a0bb24cd4b-78390edf330c094418f39edbaa9073b0.ssl.cf1.rackcdn.com/2019/10/Spooner-e1571415201750.jpg
17,JONATHAN STERLING,https://697f6f9668a0bb24cd4b-78390edf330c094418f39edbaa9073b0.ssl.cf1.rackcdn.com/2019/10/Sterling1-e1571415313926.jpg
46,BEN TAYLOR,https://697f6f9668a0bb24cd4b-78390edf330c094418f39edbaa9073b0.ssl.cf1.rackcdn.com/2019/10/Taylor-B-e1571415452955.jpg
21,DEDRIC TAYLOR,https://697f6f9668a0bb24cd4b-78390edf330c094418f39edbaa9073b0.ssl.cf1.rackcdn.com/2019/10/Taylor-D-e1571415490225.jpg
58,JOSHUA TIVEN,https://697f6f9668a0bb24cd4b-78390edf330c094418f39edbaa9073b0.ssl.cf1.rackcdn.com/2019/10/Tiven-e1571415565165.jpg
52,SCOTT TWARDOSKI,https://697f6f9668a0bb24cd4b-78390edf330c094418f39edbaa9073b0.ssl.cf1.rackcdn.com/2019/10/Twardoski-e1571415619244.jpg
64,JUSTIN VAN DUYNE,https://697f6f9668a0bb24cd4b-78390edf330c094418f39edbaa9073b0.ssl.cf1.rackcdn.com/2019/10/Van-Duyne-e1571415660190.jpg
31,SCOTT WALL,https://697f6f9668a0bb24cd4b-78390edf330c094418f39edbaa9073b0.ssl.cf1.rackcdn.com/2019/10/Wall-e1571415735293.jpg
75,CJ WASHINGTON,https://697f6f9668a0bb24cd4b-78390edf330c094418f39edbaa9073b0.ssl.cf1.rackcdn.com/2019/10/Washington-C-e1571415811178.jpg
49,TOM WASHINGTON,https://697f6f9668a0bb24cd4b-78390edf330c094418f39edbaa9073b0.ssl.cf1.rackcdn.com/2019/10/Washington-T-e1571416321900.jpg
60,JAMES WILLIAMS,https://697f6f9668a0bb24cd4b-78390edf330c094418f39edbaa9073b0.ssl.cf1.rackcdn.com/2019/10/Williams-e1571416387959.jpg
40,LEON WOOD,https://697f6f9668a0bb24cd4b-78390edf330c094418f39edbaa9073b0.ssl.cf1.rackcdn.com/2019/10/Wood-e1571416671292.jpg
66,HAYWOODE WORKMAN,https://697f6f9668a0bb24cd4b-78390edf330c094418f39edbaa9073b0.ssl.cf1.rackcdn.com/2019/10/Workman-e1571416759566.jpg
4,SEAN WRIGHT,https://697f6f9668a0bb24cd4b-78390edf330c094418f39edbaa9073b0.ssl.cf1.rackcdn.com/2019/10/Wright-e1571417168556.jpg
15,ZACH ZARBA,https://697f6f9668a0bb24cd4b-78390edf330c094418f39edbaa9073b0.ssl.cf1.rackcdn.com/2019/10/Zarba-e1571417290550.jpg
